Melt temperature,Mold temperature,SKx - Closing force,APSs - Specific back pressure peak value,APVs - Specific injection pressure peak value,SVo - Shot volume,quality
106.4761843026486,80.617,886.9,145.6,922.3,18.73,1.0
105.505,81.362,919.4097910069526,145.6,930.5,18.73,1.0
105.505,80.411,908.6,147.0,933.1,18.98,1.0
106.474827319454,81.162,879.4108705141836,145.6,922.3,18.73,1.0
106.46614012359792,81.471,885.6442597147975,145.6,917.5,18.75,1.0
105.449,81.162,903.1,145.6,882.3,18.72,1.0
106.27280603310146,81.343,885.1536783067113,145.8,922.3,18.73,1.0
105.571,80.326,915.3,147.4,860.9,18.95,1.0
106.47154388965863,81.402,919.8881899258424,146.0,882.3,18.73,1.0
105.505,81.027,885.1124139116309,146.1,882.3,18.73,1.0
105.944,81.402,908.6,145.9,917.5,18.89,1.0
106.323,81.343,885.2,146.7,930.5,18.8,1.0
106.44650799949244,80.617,884.9929424085067,146.7,882.3,18.77,1.0
106.4587629095648,81.162,919.9132001925126,145.9,937.7,18.71,1.0
106.27478511665429,81.362,886.9,146.0,882.3,18.8,1.0
105.944,81.162,903.1,146.7,930.5,18.76,1.0
106.323,80.617,919.5773069587732,148.1,933.1,18.72,1.0
106.237,81.027,879.6253698400482,145.9,933.1,18.76,1.0
106.05,81.196,908.6,145.7,931.2,18.7,1.0
105.449,80.411,885.2852523937066,147.0,923.9,18.77,1.0
105.449,81.343,901.6,146.0,882.3,18.77,1.0
106.47733601809936,81.437,903.1,148.1,922.3,18.75,1.0
106.27304265034051,80.411,885.0213666931486,147.0,933.1,18.76,1.0
106.274739059901,81.162,879.7630138050932,145.6,933.1,18.73,1.0
106.106,81.145,909.4,145.7,929.3,18.71,1.0
106.4638865605136,81.058,903.1,145.9,930.5,18.73,1.0
106.27265415576662,80.617,879.4152868493275,146.7,882.3,18.75,1.0
106.4873969501806,81.471,885.2984746225802,145.9,937.7,18.75,1.0
105.449,80.617,903.1,147.0,933.1,18.89,1.0
106.27542673722532,81.027,885.3072658388108,145.8,926.5,18.73,1.0
106.27295630124225,80.617,908.6,146.0,920.2,18.73,1.0
105.711,80.819,928.7,147.1,903.0,18.84,1.0
105.963,81.193,908.8,147.7,925.7,18.71,1.0
105.902,81.027,903.1,147.0,926.5,18.76,1.0
105.902,81.058,880.2743073917298,145.8,930.5,18.98,1.0
105.505,81.437,885.3145682230514,147.0,933.1,18.72,1.0
106.27437709003512,80.617,879.2377801132947,146.7,922.3,18.71,1.0
106.237,81.437,903.1,146.1,933.1,18.75,1.0
105.944,80.411,919.3508018893214,147.0,874.6,18.75,1.0
105.505,81.437,879.0771621061451,146.0,926.5,18.73,1.0
106.27593707319102,81.058,903.1,146.0,930.5,18.72,1.0
105.902,81.058,919.9105404470108,147.0,922.3,18.73,1.0
106.44957260875884,80.617,885.6876207165757,147.0,933.1,18.73,1.0
105.505,81.027,884.8991136193215,148.1,920.2,18.76,1.0
105.449,81.343,908.6,147.6,926.5,18.8,1.0
105.449,81.362,903.1,145.6,937.7,18.75,1.0
106.46427292821626,80.411,908.6,148.1,882.3,18.77,1.0
105.944,81.343,920.0399697635548,145.9,874.6,18.73,1.0
106.237,81.058,901.6,145.9,937.7,18.76,1.0
106.323,81.027,879.6542523066439,146.0,937.7,18.75,1.0
105.449,81.471,879.6379776453196,148.1,923.9,18.76,1.0
106.318,81.354,913.4,146.9,923.7,18.73,1.0
105.902,81.162,903.1,146.0,874.6,18.72,1.0
105.944,80.411,920.8398389861608,145.9,920.2,18.77,1.0
106.49273717804589,81.362,901.6,148.1,926.5,18.72,1.0
105.902,81.437,901.6,146.1,937.7,18.77,1.0
106.4608372035762,80.411,908.6,147.6,917.5,18.75,1.0
106.323,81.471,879.5145349861236,148.1,937.7,18.89,1.0
105.699,80.762,927.6,146.2,904.2,18.81,1.0
106.326,81.523,883.0,145.8,927.3,18.73,1.0
105.866,81.023,905.3,145.5,919.9,18.73,1.0
106.47325731355625,81.027,901.6,145.6,933.1,18.73,1.0
106.323,81.027,920.4672026709464,145.9,923.9,18.71,1.0
106.27470533267012,80.617,903.1,146.1,917.5,18.76,1.0
105.505,80.617,908.6,147.0,923.9,18.77,1.0
106.237,81.402,879.4671075689242,145.9,882.3,18.75,1.0
106.371,81.413,883.7,147.6,921.8,18.75,1.0
106.323,81.362,919.7246798640996,146.7,933.1,18.72,1.0
106.323,81.058,920.1446043184144,146.0,922.3,18.73,1.0
106.006,81.035,909.0,145.7,930.6,18.77,1.0
105.944,81.162,903.1,147.0,922.3,18.71,1.0
105.449,81.402,908.6,145.8,874.6,18.77,1.0
106.323,81.362,908.6,145.9,926.5,18.76,1.0
106.46461662994312,81.471,886.9,147.0,882.3,18.73,1.0
106.414,81.411,881.0,145.2,926.1,18.75,1.0
105.488,80.519,919.1,146.6,895.5,18.79,1.0
106.323,80.617,903.1,146.7,917.5,18.77,1.0
106.27586044567995,81.437,901.6,146.7,937.7,18.76,1.0
106.323,81.058,908.6,147.0,933.1,18.77,1.0
106.323,81.343,919.727678286632,146.1,933.1,18.71,1.0
106.237,81.402,920.0222593207944,146.0,920.2,18.73,1.0
106.47049571526136,81.362,885.2382244080794,147.0,923.9,18.8,1.0
106.2724057425526,81.402,903.1,147.6,923.9,18.73,1.0
105.902,81.437,908.6,146.7,922.3,18.77,1.0
105.449,81.058,885.6472582135424,147.6,930.5,18.73,1.0
106.275,81.437,885.6,148.1,933.1,18.71,1.0
105.944,80.411,885.5080781724425,145.8,917.5,18.73,1.0
105.944,80.617,908.6,145.9,926.5,18.73,1.0
105.944,81.402,901.6,146.1,922.3,18.8,1.0
106.49416130608104,81.362,886.9,146.7,917.5,18.73,1.0
106.51193773572535,80.411,908.6,148.1,930.5,18.71,1.0
106.27435944967236,81.437,885.76514174879,146.7,923.9,18.76,1.0
106.48662706605106,81.437,908.6,145.6,920.2,18.72,1.0
105.449,81.437,885.5982951103249,145.9,920.2,18.73,1.0
106.323,80.617,919.974394237024,146.7,937.7,18.72,1.0
106.323,81.471,920.0266553589354,147.0,882.3,18.76,1.0
105.944,81.162,919.7647660923652,146.7,917.5,18.71,1.0
106.45421760813738,81.402,901.6,146.7,920.2,18.77,1.0
106.45300596341308,81.162,885.5490019241304,145.6,926.5,18.76,1.0
106.258,81.149,909.0,145.9,923.1,18.7,1.0
105.31,80.133,917.1,147.4,839.0,19.06,1.0
105.65,80.701,925.6,146.8,897.6,18.81,1.0
105.505,81.437,885.7451405880281,145.8,923.9,18.73,1.0
105.902,81.027,920.0545310534528,146.1,917.5,18.76,1.0
106.27356796490012,80.617,886.9,147.0,933.1,18.73,1.0
105.902,81.437,879.0665259792457,145.6,922.3,18.77,1.0
106.27559217948408,81.471,901.6,145.6,922.3,18.73,1.0
106.27547080674002,81.402,919.4079018187168,145.8,923.9,18.77,1.0
106.47371951257296,81.437,885.4653920474215,146.7,933.1,18.72,1.0
106.324,81.326,885.7,146.3,927.0,18.74,1.0
106.105,81.342,909.9,146.0,920.5,18.7,1.0
106.45400290313228,81.058,901.6,147.6,930.5,18.73,1.0
105.505,81.362,885.383582099842,146.0,933.1,18.75,1.0
105.449,81.162,908.6,147.6,923.9,18.98,1.0
106.4546299228448,81.162,879.9526894630551,148.1,922.3,18.76,1.0
106.27281229528212,81.362,908.6,148.1,926.5,18.75,1.0
106.27414651058466,80.617,908.6,147.0,930.5,18.71,1.0
106.44657922541823,80.617,879.9506063771487,145.6,882.3,18.77,1.0
105.962,81.137,911.4,145.4,935.6,18.71,1.0
106.04,81.081,907.0,145.7,937.5,18.65,1.0
106.44910222573404,80.411,919.4585055315388,145.9,930.5,18.75,1.0
105.944,80.411,919.8396500163706,145.9,917.5,18.77,1.0
105.902,81.402,908.6,147.0,882.3,18.98,1.0
106.474,81.398,879.3,145.6,930.6,18.75,1.0
106.27268351765008,81.362,885.1152200160644,147.6,926.5,18.75,1.0
106.27380162242537,81.027,879.3634548290732,146.0,933.1,18.73,1.0
106.44271912870744,81.471,903.1,147.6,874.6,18.98,1.0
106.276834698898,81.362,920.1083233376522,146.1,874.6,18.71,1.0
105.944,81.362,920.214345025092,146.1,937.7,18.73,1.0
105.902,81.402,901.6,146.1,917.5,18.77,1.0
105.944,81.362,920.3159758623387,147.6,917.5,18.72,1.0
106.424,81.382,883.0,145.2,921.1,18.75,1.0
105.902,81.162,885.6531199402178,147.0,923.9,18.71,1.0
105.902,81.343,901.6,146.7,922.3,18.73,1.0
106.46888306739002,81.471,908.6,148.1,882.3,18.73,1.0
105.944,80.411,908.6,147.6,937.7,18.8,1.0
106.237,81.027,920.6524239039172,146.7,874.6,18.89,1.0
106.237,81.027,880.2913458253767,146.7,930.5,18.8,1.0
106.2751909152374,80.617,919.9111723512796,145.8,920.2,18.72,1.0
106.272882694734,80.411,884.7113784657136,147.6,922.3,18.8,1.0
106.319,81.389,885.9,146.2,931.1,18.75,1.0
106.44385647380425,80.411,908.6,145.9,930.5,18.73,1.0
105.902,81.471,901.6,145.8,926.5,18.75,1.0
105.944,81.058,885.9688788951647,147.0,920.2,18.73,1.0
106.237,81.162,901.6,146.1,882.3,18.8,1.0
106.012,81.151,907.7,146.3,927.1,18.7,1.0
106.27380145840635,80.617,878.7879946045472,147.0,926.5,18.89,1.0
105.944,81.402,879.4116567876347,146.1,923.9,18.73,1.0
105.902,81.027,908.6,146.1,922.3,18.73,1.0
106.237,81.437,908.6,145.9,882.3,18.73,1.0
105.449,81.162,901.6,145.9,930.5,18.8,1.0
105.505,81.027,908.6,145.9,882.3,18.89,1.0
106.459,81.534,880.0,145.2,924.6,18.76,1.0
106.406,81.536,882.1,145.5,920.0,18.73,1.0
105.449,80.617,885.7077704897721,147.6,937.7,18.73,1.0
105.902,81.343,903.1,145.8,922.3,18.77,1.0
106.27513604643924,81.402,908.6,145.6,933.1,18.71,1.0
105.944,81.027,921.1716181047568,147.6,937.7,18.75,1.0
106.45617981582556,80.411,903.1,147.0,930.5,18.75,1.0
105.902,81.343,879.8904866923222,145.9,926.5,18.76,1.0
106.237,81.437,903.1,146.1,874.6,18.98,1.0
105.944,81.402,885.2738699140118,145.6,926.5,18.98,1.0
106.27144791643266,80.617,881.1231019217529,148.1,923.9,18.73,1.0
106.323,81.343,919.815693166158,147.0,920.2,18.72,1.0
105.902,81.162,919.6976306273114,145.6,926.5,18.72,1.0
106.237,81.471,908.6,146.0,926.5,18.71,1.0
105.902,80.411,920.0108350130856,147.0,920.2,18.77,1.0
106.27458704720192,80.411,885.284899216525,147.6,922.3,18.89,1.0
105.505,81.343,919.9218877161704,146.1,882.3,18.73,1.0
106.323,80.617,886.9,148.1,882.3,18.73,1.0
106.42721380494676,81.027,885.5530686561904,145.8,926.5,18.71,1.0
106.323,80.617,885.3491143716951,145.9,933.1,18.73,1.0
106.323,81.471,885.400999766743,146.0,923.9,18.8,1.0
106.45793634160532,81.437,879.6050120992952,147.0,926.5,18.71,1.0
105.505,81.362,908.6,147.0,922.3,18.73,1.0
105.944,80.411,885.4864421871777,145.8,874.6,18.76,1.0
106.4764082241313,81.058,901.6,148.1,930.5,18.72,1.0
105.944,81.058,901.6,146.1,922.3,18.73,1.0
105.505,80.617,920.6732838437242,146.7,917.5,18.76,1.0
106.27556747096958,80.617,919.5347755758812,146.0,926.5,18.76,1.0
106.4707986111746,81.162,920.5600995978546,145.9,930.5,18.75,1.0
106.237,81.437,920.8115763493156,145.8,930.5,18.98,1.0
106.072,81.242,908.4,145.5,928.0,18.75,1.0
105.944,81.362,885.5742131116249,146.7,874.6,18.73,1.0
106.27261733355306,81.162,885.0171142199259,147.0,933.1,18.77,1.0
106.48409274382884,81.027,885.3352965947286,146.1,926.5,18.73,1.0
106.27337226762886,80.617,903.1,148.1,920.2,18.77,1.0
105.944,80.411,908.6,145.6,930.5,18.98,1.0
106.45823215714748,81.343,885.2367503969991,146.0,930.5,18.98,1.0
105.944,81.362,885.3241459318914,146.7,882.3,18.76,1.0
105.449,80.411,885.7066065078106,147.6,937.7,18.8,1.0
106.237,80.411,885.8863563053382,145.9,933.1,18.73,1.0
106.27411779712408,81.402,880.3883547931116,147.0,923.9,18.89,1.0
105.449,81.058,903.1,147.0,882.3,18.72,1.0
105.505,81.343,879.5888493233203,145.8,920.2,18.75,1.0
106.27493989311566,81.343,920.3853755665627,147.6,937.7,18.76,1.0
105.944,81.027,920.1825320020836,146.1,937.7,18.71,1.0
106.281,81.43,912.7,146.5,925.2,18.75,1.0
106.4624211931438,80.617,903.1,146.0,933.1,18.89,1.0
106.237,81.162,908.6,145.8,937.7,18.76,1.0
105.902,81.027,903.1,145.9,930.5,18.77,1.0
106.46485436986428,81.437,903.1,145.6,922.3,18.75,1.0
105.449,81.162,886.9,147.6,922.3,18.75,1.0
106.277,81.464,883.2,145.9,926.2,18.72,1.0
106.27553858474164,81.343,879.5421498164733,148.1,882.3,18.76,1.0
106.323,81.058,879.0289531395503,146.7,937.7,18.75,1.0
106.27620716573324,81.437,885.3152332424861,147.0,917.5,18.77,1.0
106.47191690705756,81.027,919.6880369977944,147.0,882.3,18.89,1.0
106.44547799139782,81.362,878.8438011574481,147.0,920.2,18.75,1.0
106.46058806551189,81.437,878.8286026055946,145.8,933.1,18.8,1.0
105.505,80.617,885.1037817049483,148.1,930.5,18.75,1.0
105.505,80.617,919.7,147.6,882.3,18.89,1.0
106.295,81.343,886.7,145.3,921.0,18.73,1.0
105.449,80.617,908.6,148.1,930.5,18.76,1.0
105.449,81.437,903.1,148.1,933.1,18.98,1.0
105.902,80.411,903.1,146.7,920.2,18.76,1.0
105.902,80.411,885.3945703918337,147.0,937.7,18.73,1.0
106.478,81.362,879.1,145.6,917.5,18.77,1.0
106.323,81.437,901.6,145.6,917.5,18.89,1.0
105.505,81.362,903.1,145.8,933.1,18.77,1.0
105.944,81.362,919.616259713598,147.0,882.3,18.73,1.0
105.449,80.411,908.6,148.1,917.5,18.73,1.0
105.505,81.058,920.3568615558396,147.6,922.3,18.73,1.0
106.46945670417936,81.362,901.6,145.8,937.7,18.72,1.0
106.27386105587206,80.617,919.8368116453726,145.9,874.6,18.75,1.0
106.48887545995376,81.162,901.6,146.1,923.9,18.72,1.0
106.46220627530222,81.058,901.6,147.0,923.9,18.76,1.0
106.45836229926124,81.027,901.6,147.0,930.5,18.76,1.0
105.902,80.617,908.6,146.1,882.3,18.8,1.0
106.4640778254719,81.402,885.5756216522723,146.1,920.2,18.72,1.0
105.902,81.058,908.6,147.6,920.2,18.72,1.0
106.323,81.027,885.8526800709387,145.8,926.5,18.71,1.0
105.645,80.753,925.6,146.6,895.8,18.81,1.0
106.385,81.432,880.0,145.9,924.8,18.78,1.0
105.449,81.402,879.2566392882925,146.0,920.2,18.71,1.0
106.27405045216028,80.617,886.9,145.8,926.5,18.71,1.0
105.449,81.362,908.6,145.9,917.5,18.75,1.0
105.449,81.437,908.6,147.6,937.7,18.89,1.0
105.902,81.162,920.254219043881,146.7,926.5,18.77,1.0
105.449,80.411,879.5796412726517,147.0,874.6,18.71,1.0
105.505,81.362,885.8461669527021,148.1,922.3,18.73,1.0
106.27324433417937,81.402,884.9639697942192,146.1,923.9,18.89,1.0
106.284,81.378,884.1,148.1,920.4,18.75,1.0
105.791,80.5,917.7,146.0,858.7,18.94,1.0
106.448,81.341,880.8,149.9,929.0,18.71,1.0
105.449,81.437,908.6,148.1,933.1,18.98,1.0
105.944,81.027,901.6,145.8,922.3,18.77,1.0
105.505,81.162,879.7118598181527,145.6,937.7,18.98,1.0
106.169,81.227,910.7,146.8,927.7,18.74,1.0
105.505,81.058,920.2642832115016,147.0,922.3,18.98,1.0
106.2738532830257,81.402,920.3128821087636,147.6,874.6,18.77,1.0
106.27336701327675,80.411,885.4848258034716,147.0,917.5,18.98,1.0
105.505,81.362,920.10784393338,147.6,920.2,18.98,1.0
106.27355851148492,81.162,885.6393902004633,146.1,937.7,18.73,1.0
105.449,81.437,884.9158533500513,148.1,920.2,18.76,1.0
105.944,81.343,885.5762529072632,146.0,874.6,18.71,1.0
105.902,81.343,903.1,146.0,920.2,18.73,1.0
106.297,81.409,884.3,145.8,928.1,18.71,1.0
105.449,81.343,920.672030829775,147.6,874.6,18.71,1.0
105.902,80.411,879.9538116862872,145.8,917.5,18.75,1.0
106.27299171502054,81.402,901.6,146.0,930.5,18.89,1.0
105.902,80.617,879.8995623392303,145.9,933.1,18.76,1.0
106.27310042967105,81.402,908.6,145.9,933.1,18.73,1.0
106.27713516920927,81.471,879.2119500769754,145.9,882.3,18.8,1.0
105.449,81.058,908.6,148.1,937.7,18.76,1.0
105.505,81.162,920.1608630538976,147.0,923.9,18.73,1.0
105.449,81.058,901.6,148.1,874.6,18.71,1.0
105.449,81.343,879.7846857061851,146.1,933.1,18.72,1.0
106.237,81.162,908.6,146.0,937.7,18.72,1.0
106.434,81.522,880.0,146.2,921.9,18.75,1.0
106.008,81.25,909.2,146.0,924.2,18.72,1.0
106.308,81.414,909.4,146.0,929.5,18.75,1.0
106.323,81.027,920.0422806872,147.0,926.5,18.76,1.0
105.505,80.617,880.126490793768,146.1,874.6,18.73,1.0
106.27050455459604,81.437,908.6,146.1,933.1,18.98,1.0
105.449,81.402,885.557068692163,145.8,937.7,18.73,1.0
106.237,80.617,901.6,148.1,923.9,18.8,1.0
106.43592840783718,81.343,903.1,145.6,922.3,18.72,1.0
106.167,81.212,909.2,146.1,920.4,18.72,1.0
106.273,81.402,886.9,145.8,920.2,18.73,1.0
106.27492051392998,81.162,903.1,148.1,933.1,18.73,1.0
105.902,81.402,885.5362469970657,146.7,930.5,18.72,1.0
105.902,81.027,908.6,147.0,923.9,18.75,1.0
106.323,80.411,919.8972294390736,146.0,917.5,18.89,1.0
106.308,81.435,881.5,147.1,921.9,18.76,1.0
105.449,80.411,920.4,147.0,874.6,18.98,1.0
105.902,81.027,885.5167670980213,147.0,930.5,18.98,1.0
106.27594456563877,81.343,886.9,145.6,923.9,18.73,1.0
106.27225018317353,81.343,903.1,145.8,922.3,18.72,1.0
105.944,81.162,879.4019467785814,146.1,917.5,18.73,1.0
106.27601419725298,81.058,885.0942138190399,148.1,933.1,18.71,1.0
106.27471631804038,80.617,903.1,146.1,882.3,18.73,1.0
105.944,81.162,885.3305872220088,147.0,874.6,18.73,1.0
106.46087911926656,81.343,879.7713581228653,146.7,874.6,18.98,1.0
106.425,81.41,878.7,147.9,924.5,18.76,1.0
105.6,80.626,922.1,145.9,874.2,18.89,1.0
106.48564026579676,81.058,901.6,146.7,920.2,18.75,1.0
105.944,80.617,901.6,146.1,937.7,18.89,1.0
105.449,81.162,901.6,146.0,874.6,18.75,1.0
105.505,81.437,901.6,146.7,917.5,18.73,1.0
105.902,81.402,885.7289652888903,147.0,937.7,18.8,1.0
105.449,81.027,879.5321324383543,147.0,917.5,18.77,1.0
106.237,80.411,886.9,146.7,933.1,18.76,1.0
105.902,81.362,879.0989213550276,147.6,937.7,18.8,1.0
105.944,81.437,885.2521911879403,146.0,937.7,18.76,1.0
105.505,81.437,908.6,147.6,937.7,18.76,1.0
105.902,80.617,886.9,147.6,926.5,18.76,1.0
106.132,81.361,908.8,145.3,927.6,18.72,1.0
106.4537481165243,81.343,919.281490680268,147.0,882.3,18.73,1.0
106.46446047161996,81.058,901.6,147.0,874.6,18.71,1.0
105.944,81.471,886.9,145.6,920.2,18.71,1.0
105.505,80.617,880.0033837678869,147.6,937.7,18.77,1.0
106.47385378388572,81.058,879.0866464298329,146.0,922.3,18.75,1.0
106.27371812728524,81.471,901.6,146.1,937.7,18.73,1.0
105.944,81.162,908.6,145.6,926.5,18.89,1.0
105.944,81.027,885.3418588587443,146.0,882.3,18.72,1.0
105.505,80.411,903.1,146.0,917.5,18.77,1.0
106.4822610154759,81.027,901.6,147.0,933.1,18.75,1.0
106.237,81.471,903.1,147.0,882.3,18.72,1.0
105.902,81.471,921.0109031997245,147.0,937.7,18.73,1.0
106.323,81.471,920.274631790828,145.6,926.5,18.76,1.0
106.27340430703288,81.162,879.0408607047873,146.1,882.3,18.76,1.0
105.972,81.066,904.8,147.6,924.2,18.75,1.0
105.449,81.402,919.8717659741152,146.1,874.6,18.8,1.0
106.47397623249604,81.058,901.6,146.1,937.7,18.72,1.0
105.902,81.437,886.9,145.6,930.5,18.98,1.0
105.944,81.362,879.9165948021777,145.9,937.7,18.72,1.0
106.323,81.162,885.0550527931583,147.6,917.5,18.89,1.0
105.449,80.617,879.7239630309325,145.8,920.2,18.8,1.0
106.237,81.343,878.8626503167388,147.0,920.2,18.76,1.0
106.47583242326913,81.402,885.4228609870777,148.1,874.6,18.73,1.0
106.464,81.362,880.8,146.7,923.7,18.75,1.0
106.27116126451516,80.411,908.6,145.6,933.1,18.73,1.0
105.449,81.402,878.8442064045939,147.0,917.5,18.73,1.0
105.449,81.471,886.9,146.0,882.3,18.73,1.0
106.44663439064908,81.027,908.6,145.9,933.1,18.8,1.0
105.505,81.162,920.0866721015268,147.0,882.3,18.73,1.0
105.505,81.058,886.9,145.6,920.2,18.71,1.0
106.27330142036864,81.402,920.5052690719224,145.8,933.1,18.75,1.0
106.237,81.402,886.9,147.0,917.5,18.75,1.0
105.505,81.471,879.4793766369471,147.0,933.1,18.89,1.0
106.237,81.437,885.4747157511855,146.7,923.9,18.73,1.0
106.237,81.362,879.3233100784191,147.0,882.3,18.77,1.0
106.478,81.33,876.7,147.1,926.1,18.73,1.0
106.458,81.471,879.8,145.9,923.9,18.75,1.0
106.463,81.413,880.2,145.5,920.6,18.78,1.0
106.258,81.296,884.6,146.1,920.9,18.73,1.0
106.237,81.471,901.6,146.7,917.5,18.75,1.0
106.323,80.617,908.6,147.6,917.5,18.77,1.0
106.27658340184529,81.437,919.1765961297464,146.0,882.3,18.89,1.0
105.944,81.058,903.1,147.0,923.9,18.71,1.0
105.449,81.362,901.6,147.0,882.3,18.73,1.0
106.298,81.448,883.3,146.2,937.2,18.73,1.0
106.27409485088428,81.058,879.163398777174,148.1,923.9,18.72,1.0
106.27585713695052,80.617,901.6,147.0,930.5,18.77,1.0
105.449,81.402,908.6,147.0,874.6,18.76,1.0
106.47788526178154,80.617,919.8609726312852,146.7,933.1,18.72,1.0
106.43681251017524,80.617,886.9,147.0,920.2,18.76,1.0
106.46933410935704,80.617,901.6,145.8,937.7,18.76,1.0
106.2733875791184,81.402,903.1,145.6,922.3,18.73,1.0
105.913,81.006,907.2,145.6,928.1,18.68,1.0
106.105,81.219,910.3,145.2,919.5,18.72,1.0
106.188,81.34,909.4,145.4,910.1,18.73,1.0
106.277,81.339,908.4,146.4,921.4,18.73,1.0
106.229,81.28,915.3,145.7,915.7,18.78,1.0
106.066,81.207,907.9,145.9,917.3,18.73,1.0
105.863,80.925,899.2,145.7,918.3,18.71,1.0
106.211,81.322,912.7,145.8,912.1,18.75,1.0
106.191,81.22,910.8,145.7,919.0,18.74,1.0
105.569,80.629,922.7,147.1,894.8,18.8,1.0
105.515,80.659,917.1,146.6,903.6,18.76,2.0
106.465,81.38,881.9,146.3,926.3,18.75,2.0
106.242,81.349,887.0,146.6,925.1,18.69,2.0
106.46,81.547,882.8,145.4,926.6,18.74,2.0
106.272,81.327,883.9,145.4,922.5,18.74,2.0
105.63,80.692,923.6,146.0,885.2,18.89,2.0
106.233,81.223,909.0,145.6,919.4,18.72,2.0
106.269,81.286,887.8,145.5,920.3,18.78,2.0
105.778,80.645,917.7,146.1,874.4,18.88,2.0
106.37,81.405,880.0,146.9,918.0,18.77,2.0
106.343,81.422,882.2,146.0,923.6,18.72,2.0
105.865,80.901,902.9,148.0,917.3,18.69,2.0
106.45,81.487,881.5,145.5,932.4,18.72,2.0
105.825,80.876,897.6,145.6,915.1,18.76,2.0
105.878,81.018,921.2,146.0,918.0,18.7,2.0
106.536,81.475,880.4,146.3,915.8,18.76,2.0
106.262,81.432,886.3,146.7,913.1,18.75,2.0
106.253,81.349,918.2,146.5,910.8,18.71,2.0
106.315,81.331,910.8,147.2,905.0,18.81,2.0
106.276,81.325,909.7,146.1,912.8,18.8,2.0
106.283,81.358,912.0,146.0,909.9,18.76,2.0
124.391,80.844,916.7,146.1,914.9,18.69,2.0
105.936,81.059,905.7,146.0,918.0,18.73,2.0
106.028,81.21,912.1,146.9,921.9,18.73,2.0
106.128,81.233,909.9,145.1,913.3,18.7,2.0
106.204,81.322,912.3,147.4,902.5,18.76,2.0
106.324,81.36,914.7,145.7,908.1,18.77,2.0
106.33,81.386,918.6,145.2,899.2,18.75,2.0
106.275,81.284,914.0,145.2,916.7,18.76,2.0
106.315,81.285,910.8,146.3,910.6,18.71,2.0
106.301,81.351,912.9,146.3,908.8,18.76,2.0
105.863,80.931,902.2,147.3,916.0,18.75,2.0
106.275,81.465,914.0,146.3,915.1,18.78,2.0
106.275,81.355,907.3,145.8,916.4,18.77,2.0
106.138,81.124,922.3,146.7,912.5,18.67,2.0
106.199,81.281,908.6,146.0,915.7,18.75,2.0
106.194,81.242,916.9,145.9,904.5,18.79,2.0
105.981,80.996,919.9,146.7,917.7,18.68,2.0
106.25,81.357,908.8,145.7,893.7,18.85,2.0
106.29,81.198,908.4,145.9,909.9,18.77,2.0
106.252,81.293,912.0,145.4,912.7,18.71,2.0
106.285,81.421,909.4,146.2,913.0,18.73,2.0
106.183,81.388,912.0,145.6,910.1,18.77,2.0
106.23,81.379,912.9,147.6,901.0,18.8,2.0
105.803,80.954,901.1,145.2,919.8,18.67,2.0
106.195,81.238,910.8,145.4,915.9,18.73,2.0
105.918,80.66,918.8,146.4,882.8,18.83,2.0
106.235,81.425,912.3,145.5,905.3,18.75,2.0
106.151,81.136,921.4,146.0,925.3,18.64,2.0
105.726,80.836,928.2,148.0,889.4,18.84,2.0
106.084,81.316,910.8,145.7,912.8,18.72,2.0
106.322,81.312,919.3,147.7,901.4,18.76,2.0
106.056,81.12,920.8,146.3,915.8,18.68,2.0
106.19,81.395,912.5,145.6,915.6,18.75,2.0
105.832,80.995,899.4,146.4,910.6,18.74,2.0
106.497,81.338,912.1,146.3,913.7,18.74,2.0
106.243,81.431,912.1,146.4,914.3,18.69,2.0
106.306,81.329,915.5,145.6,908.9,18.75,2.0
106.167,81.185,913.2,145.6,917.0,18.74,2.0
106.435,81.355,916.9,145.6,904.9,18.76,2.0
106.013,81.09,907.2,146.0,914.7,18.74,2.0
106.304,81.361,885.2,146.3,913.5,18.76,2.0
105.948,80.929,905.1,145.7,913.2,18.73,2.0
105.922,81.041,904.2,146.9,919.7,18.71,2.0
106.486,81.383,879.8,145.5,909.5,18.79,2.0
106.358,81.445,882.1,145.4,931.0,18.68,2.0
106.002,81.157,908.4,146.6,932.4,18.66,2.0
106.071,81.139,907.9,146.5,910.3,18.78,2.0
106.212,81.324,914.4,145.5,907.9,18.78,2.0
106.099,80.887,924.3,145.9,925.6,18.65,2.0
106.31,81.382,910.5,146.6,913.6,18.73,2.0
106.355,81.381,919.5,145.9,901.7,18.84,2.0
106.28,81.311,888.5,146.3,913.2,18.78,2.0
106.387,81.312,915.1,145.9,905.4,18.76,2.0
106.185,81.368,912.7,147.6,919.5,18.71,2.0
106.264,81.316,912.3,147.6,911.9,18.72,2.0
106.19,81.341,907.7,145.7,914.7,18.74,2.0
106.289,81.35,913.1,146.3,908.7,18.74,2.0
105.81,80.787,930.6,146.9,913.5,18.78,2.0
106.15,81.241,908.4,146.4,920.1,18.73,2.0
106.143,81.396,911.6,146.4,917.0,18.76,2.0
106.278,81.33,917.3,146.9,916.7,18.74,2.0
106.289,81.249,917.5,146.5,900.8,18.79,2.0
106.237,81.476,911.4,146.6,913.3,18.76,2.0
141.136,80.947,921.0,145.6,918.0,18.71,2.0
106.143,81.199,908.4,145.6,929.7,18.68,2.0
106.189,81.146,913.1,145.5,920.9,18.71,2.0
106.248,81.237,913.8,145.8,915.9,18.74,2.0
106.026,80.974,920.4,145.6,916.5,18.74,2.0
106.305,81.281,914.2,145.7,913.0,18.74,2.0
106.282,81.385,913.4,145.8,917.7,18.76,2.0
105.87,80.84,918.8,145.9,923.6,18.71,2.0
106.332,81.322,907.7,146.3,914.8,18.72,2.0
106.36,81.38,919.7,145.4,912.0,18.74,2.0
106.236,81.329,909.7,146.7,913.3,18.76,2.0
106.3,81.339,912.0,146.0,911.2,18.79,2.0
106.258,81.229,910.3,145.6,913.8,18.73,2.0
106.181,81.424,911.6,145.7,908.1,18.72,2.0
106.273,81.395,910.7,146.4,916.2,18.78,2.0
106.337,81.258,912.5,146.3,913.4,18.72,2.0
110.223,81.081,921.2,147.5,923.1,18.67,2.0
106.221,81.328,908.6,146.8,906.9,18.76,2.0
106.316,81.441,910.3,145.3,908.1,18.76,2.0
106.246,81.376,910.1,146.4,908.8,18.8,2.0
106.048,81.261,912.5,146.0,916.7,18.71,2.0
106.398,81.312,920.6,145.9,912.7,18.72,2.0
90.34,81.094,917.5,145.2,943.0,18.59,2.0
106.05,81.389,911.4,146.3,914.1,18.73,2.0
105.924,80.861,921.4,145.6,916.7,18.69,2.0
106.309,81.397,907.3,146.6,908.5,18.76,2.0
106.169,81.303,916.9,145.4,909.3,18.74,2.0
106.298,81.38,918.8,145.4,908.7,18.75,2.0
105.854,80.751,916.9,146.0,921.6,18.72,2.0
106.281,81.295,886.1,146.3,918.6,18.78,2.0
105.906,81.169,910.3,145.1,935.8,18.63,2.0
106.175,81.294,911.4,145.4,927.1,18.69,2.0
106.11,81.314,907.5,145.8,905.1,18.77,2.0
106.434,81.39,884.1,146.6,916.9,18.78,2.0
106.184,81.295,908.6,145.1,933.6,18.68,2.0
106.319,81.293,917.5,146.6,908.7,18.77,2.0
105.822,80.833,917.9,146.6,918.7,18.72,2.0
106.275,81.287,910.8,146.5,916.5,18.74,2.0
106.302,81.343,910.5,147.0,911.3,18.78,2.0
105.979,81.038,903.3,145.8,919.3,18.7,2.0
106.294,81.336,909.4,145.6,911.2,18.74,2.0
106.211,81.466,910.1,145.4,904.4,18.75,2.0
106.394,81.429,878.0,146.1,916.2,18.75,2.0
106.282,81.303,911.4,146.0,913.5,18.74,2.0
105.982,81.237,908.8,146.5,910.6,18.73,2.0
106.31,81.392,921.0,145.6,906.9,18.83,2.0
81.747,80.737,915.3,147.1,909.2,18.73,2.0
106.217,81.397,910.3,145.8,911.2,18.75,2.0
105.968,81.034,921.4,148.4,917.2,18.7,2.0
106.337,81.382,912.3,148.7,904.8,18.76,2.0
106.192,81.369,910.3,145.6,901.7,18.76,2.0
105.988,81.04,920.4,147.2,931.5,18.61,2.0
106.322,81.45,909.0,146.7,904.6,18.77,2.0
85.441,81.177,919.7,145.5,922.5,18.67,2.0
106.131,81.381,908.8,145.9,910.2,18.77,2.0
106.073,81.266,908.1,146.5,911.8,18.76,2.0
106.341,81.328,918.0,145.3,895.1,18.79,2.0
140.641,81.183,918.2,145.7,930.8,18.62,2.0
106.374,81.293,916.7,145.7,902.8,18.76,2.0
106.223,81.348,909.0,145.3,921.4,18.71,2.0
106.287,81.326,884.1,145.9,915.5,18.77,2.0
105.782,80.865,897.2,146.4,905.3,18.76,2.0
106.338,81.457,910.3,146.2,910.1,18.76,2.0
106.16,81.096,920.6,145.6,932.7,18.67,2.0
105.772,80.91,897.7,145.8,910.3,18.77,2.0
106.167,81.274,910.5,145.7,932.8,18.69,2.0
106.257,81.384,909.9,146.6,911.2,18.75,2.0
106.304,81.398,910.3,147.0,920.8,18.75,2.0
106.23,81.274,909.7,146.8,905.6,18.8,2.0
105.923,80.954,902.9,145.7,919.9,18.74,2.0
106.217,81.385,913.4,146.4,910.8,18.78,2.0
105.782,80.787,915.6,145.5,905.8,18.74,2.0
106.18,81.446,909.2,145.5,917.5,18.76,2.0
106.248,81.296,914.0,145.6,910.4,18.75,2.0
105.975,80.897,920.4,146.1,918.8,18.7,2.0
106.375,81.401,918.6,146.8,902.1,18.72,2.0
106.325,81.285,921.5,146.4,897.6,18.78,2.0
106.171,81.372,908.6,145.6,911.4,18.77,2.0
103.769,81.097,921.7,146.1,918.7,18.69,2.0
106.384,81.398,909.6,146.6,912.1,18.81,2.0
106.236,81.365,918.2,146.3,913.3,18.74,2.0
106.169,81.143,921.9,145.3,927.2,18.66,2.0
101.323,81.055,917.7,145.3,921.0,18.67,2.0
106.33,81.503,912.1,145.7,906.2,18.76,2.0
106.153,81.172,909.6,145.3,920.6,18.72,2.0
106.228,81.29,916.9,145.7,914.3,18.72,2.0
106.155,81.333,908.3,146.4,905.3,18.77,2.0
106.248,81.415,913.2,144.9,906.8,18.78,2.0
105.991,81.103,921.7,146.5,926.1,18.68,2.0
106.427,81.306,881.1,146.5,904.7,18.76,2.0
105.942,81.137,908.1,145.5,927.4,18.7,2.0
106.248,81.32,913.1,145.2,918.0,18.75,2.0
105.863,80.766,916.2,147.1,896.6,18.78,2.0
132.74,80.934,918.2,146.4,913.0,18.69,2.0
106.234,81.384,907.9,146.7,913.8,18.77,2.0
106.203,81.338,910.1,145.9,901.5,18.81,2.0
105.963,81.02,908.6,146.2,922.2,18.69,2.0
106.232,81.26,911.6,146.3,910.2,18.75,2.0
106.264,81.323,912.7,146.0,922.7,18.78,2.0
106.439,81.432,879.1,146.5,912.6,18.77,2.0
106.317,81.408,913.4,146.6,914.2,18.75,2.0
106.309,81.327,911.4,145.6,907.9,18.81,2.0
104.929,79.129,911.8,146.8,906.8,18.73,2.0
106.097,81.316,913.1,147.6,915.2,18.72,2.0
106.238,81.393,910.1,147.2,905.2,18.78,2.0
106.294,81.297,916.0,145.6,907.7,18.83,2.0
106.17,81.16,912.0,147.3,913.5,18.82,2.0
106.228,81.257,912.1,145.1,909.5,18.77,2.0
105.826,80.943,900.1,145.9,912.0,18.74,2.0
106.196,81.317,913.4,145.9,913.0,18.77,2.0
106.25,81.39,916.9,147.2,919.4,18.74,2.0
106.266,81.431,884.1,145.7,915.8,18.74,2.0
121.653,80.896,919.5,145.9,921.8,18.66,2.0
105.992,81.166,909.7,146.0,916.1,18.74,2.0
106.29,81.307,913.8,146.4,910.6,18.77,2.0
106.224,81.338,912.3,146.1,915.2,18.71,2.0
106.153,81.291,911.4,145.6,923.7,18.73,2.0
106.184,81.435,907.9,146.6,891.5,18.8,2.0
106.264,81.349,908.4,145.8,909.3,18.76,2.0
106.22,81.308,914.4,145.3,915.1,18.77,2.0
106.419,81.42,880.6,145.7,911.1,18.78,2.0
105.967,81.126,907.7,145.7,917.6,18.73,2.0
106.521,81.371,881.0,146.1,930.5,18.64,2.0
106.258,81.255,910.7,145.6,914.9,18.74,2.0
106.247,81.317,913.6,145.5,905.9,18.75,2.0
106.36,81.351,920.4,146.2,906.0,18.75,2.0
106.022,81.109,921.0,146.5,922.4,18.66,2.0
106.424,81.386,883.7,146.0,914.1,18.76,2.0
105.973,81.151,906.4,147.2,928.1,18.65,2.0
106.517,81.426,882.6,146.7,916.0,18.76,2.0
106.241,81.379,913.8,145.9,920.9,18.73,2.0
105.797,80.802,917.3,145.5,921.8,18.71,2.0
106.136,81.18,911.4,146.5,912.1,18.75,2.0
106.341,81.339,909.4,145.7,920.2,18.81,2.0
106.368,81.31,910.7,145.6,904.1,18.78,2.0
105.871,80.799,915.8,146.1,916.5,18.7,2.0
106.173,81.199,910.3,147.4,921.7,18.73,2.0
106.205,81.39,918.0,147.6,912.7,18.74,2.0
106.04,81.006,920.1,145.9,925.9,18.66,2.0
106.279,81.385,920.3,146.5,911.3,18.71,2.0
105.968,81.029,907.0,146.9,919.0,18.7,2.0
108.712,80.777,917.9,145.9,909.8,18.73,2.0
105.795,80.775,926.3,145.9,891.5,18.82,2.0
106.159,81.394,908.4,145.5,914.9,18.72,2.0
106.136,81.396,907.0,145.7,906.0,18.8,2.0
106.253,81.296,912.1,147.0,912.0,18.75,2.0
106.226,81.369,916.6,145.6,915.5,18.71,2.0
106.257,81.328,911.0,146.0,914.7,18.71,2.0
106.327,81.356,910.7,145.8,903.0,18.79,2.0
106.068,81.066,919.3,146.9,912.4,18.68,2.0
106.108,81.212,910.7,146.3,916.0,18.71,2.0
106.324,81.329,912.3,146.8,917.9,18.73,2.0
106.282,81.294,911.6,146.0,909.4,18.75,2.0
106.21,81.397,913.2,146.7,916.2,18.73,2.0
106.033,81.077,918.2,145.3,912.1,18.71,2.0
106.164,81.221,908.8,146.7,921.3,18.71,2.0
106.235,81.328,912.5,145.8,906.0,18.79,2.0
104.758,78.996,886.1,145.1,841.3,19.03,2.0
106.376,81.285,911.6,145.3,911.5,18.71,2.0
106.254,81.252,916.2,145.4,910.6,18.74,2.0
105.978,80.894,921.2,146.8,913.6,18.71,2.0
106.246,81.25,914.4,145.9,931.9,18.72,2.0
106.256,81.421,908.6,146.4,909.1,18.76,2.0
106.304,81.392,911.6,145.3,903.0,18.77,2.0
105.999,81.07,921.2,146.2,925.3,18.67,2.0
121.383,81.155,917.9,145.9,915.6,18.69,2.0
106.195,81.342,909.6,146.3,912.9,18.74,2.0
106.208,81.241,906.8,146.1,916.0,18.77,2.0
106.109,81.281,907.0,145.3,920.5,18.74,2.0
106.033,81.137,909.7,145.5,916.7,18.71,2.0
106.22,81.334,909.2,146.5,909.0,18.75,2.0
106.253,81.379,913.8,146.8,908.0,18.74,2.0
106.316,81.402,914.5,146.3,913.6,18.77,2.0
106.157,81.039,921.0,146.2,916.7,18.69,2.0
106.322,81.362,914.0,146.7,907.2,18.8,2.0
105.832,80.971,901.6,145.9,916.3,18.74,2.0
106.521,81.407,880.8,146.9,915.2,18.75,2.0
106.096,81.221,912.1,145.3,923.0,18.72,2.0
106.19,81.24,910.3,145.5,922.7,18.72,2.0
106.147,81.209,910.3,147.1,913.9,18.76,2.0
105.796,80.722,918.0,146.3,896.5,18.75,2.0
105.987,81.123,909.9,145.2,928.2,18.68,2.0
106.277,81.12,910.7,145.7,913.1,18.8,2.0
106.348,81.457,913.8,146.4,906.1,18.77,2.0
106.252,81.238,919.0,146.2,920.8,18.75,2.0
106.247,81.338,918.6,145.3,916.2,18.74,2.0
105.758,80.864,900.9,146.4,918.6,18.78,2.0
106.534,81.384,880.0,146.6,912.0,18.78,2.0
106.176,81.357,910.7,145.4,904.2,18.74,2.0
106.282,81.4,913.1,145.7,911.7,18.74,2.0
105.872,80.919,921.7,145.8,909.6,18.68,2.0
106.196,81.337,912.9,145.4,910.6,18.76,2.0
106.282,81.329,909.9,146.4,906.4,18.77,2.0
106.068,81.313,911.0,145.7,923.7,18.73,2.0
106.017,80.955,921.0,145.5,915.6,18.71,2.0
106.156,81.313,913.2,145.7,914.2,18.78,2.0
106.369,81.415,918.0,146.3,912.4,18.76,2.0
140.605,81.102,920.4,145.3,916.3,18.69,2.0
106.253,81.357,883.0,145.9,915.0,18.78,2.0
106.107,81.384,911.8,145.6,906.7,18.75,2.0
106.218,81.324,916.7,146.3,912.6,18.78,2.0
106.133,81.09,920.1,145.7,916.2,18.68,2.0
106.223,81.337,913.1,145.3,912.6,18.8,2.0
106.038,81.09,919.5,146.4,910.4,18.68,2.0
106.02,81.096,907.9,146.3,917.7,18.73,2.0
106.344,81.239,908.4,146.2,911.2,18.76,2.0
106.304,81.249,917.5,146.3,912.3,18.73,2.0
106.402,81.354,917.3,145.4,910.0,18.71,2.0
110.874,81.231,920.3,145.6,923.1,18.66,2.0
106.147,81.336,913.4,146.0,911.1,18.74,2.0
106.266,81.249,914.9,146.5,900.3,18.77,2.0
106.288,81.394,922.3,146.7,912.4,18.75,2.0
106.351,81.357,911.8,147.2,911.8,18.76,2.0
106.278,81.327,911.0,147.1,900.0,18.78,2.0
106.146,81.398,913.2,146.7,901.8,18.8,2.0
106.287,81.349,921.2,145.7,907.6,18.77,2.0
105.928,80.928,919.9,145.7,930.6,18.67,2.0
106.22,81.325,917.3,145.2,907.1,18.7,2.0
106.258,81.341,913.6,146.3,912.5,18.72,2.0
106.284,81.354,919.9,147.2,902.5,18.77,2.0
106.326,81.374,916.0,147.1,903.3,18.82,2.0
106.23,81.234,908.3,146.4,917.1,18.7,2.0
106.134,81.339,911.6,147.8,915.5,18.71,2.0
106.152,81.415,910.7,146.9,913.3,18.75,2.0
135.454,80.897,920.8,146.4,912.6,18.7,2.0
106.283,81.426,885.9,148.5,915.9,18.77,2.0
106.273,81.337,916.4,146.1,921.0,18.75,2.0
106.043,81.146,908.4,146.5,921.2,18.69,2.0
106.139,81.288,912.5,145.8,915.1,18.74,2.0
106.293,81.295,912.1,146.2,912.4,18.72,2.0
106.249,81.399,912.5,145.0,911.0,18.77,2.0
106.269,81.454,908.6,145.5,916.8,18.75,2.0
106.439,81.423,878.4,146.2,917.5,18.79,2.0
106.038,81.24,909.7,145.5,915.4,18.75,2.0
105.858,80.692,915.1,146.4,898.7,18.73,2.0
106.386,81.403,910.1,147.8,907.3,18.75,2.0
106.242,81.308,912.9,145.9,910.2,18.76,2.0
106.239,81.364,910.1,145.9,917.8,18.78,2.0
106.222,81.36,913.6,145.6,907.8,18.73,2.0
105.987,81.06,923.0,145.5,910.5,18.67,2.0
106.284,81.341,909.6,145.3,918.6,18.75,2.0
106.357,81.307,910.7,148.3,911.3,18.7,2.0
106.25,81.344,911.6,145.8,904.6,18.81,2.0
106.26,81.37,909.9,146.2,909.2,18.76,2.0
106.202,81.404,917.3,148.5,908.9,18.75,2.0
106.233,81.249,916.6,145.4,905.8,18.73,2.0
106.322,81.319,909.6,146.4,914.2,18.74,2.0
106.231,81.301,909.2,145.4,916.0,18.73,2.0
106.359,81.359,907.3,145.2,919.8,18.73,2.0
113.338,80.996,919.5,145.5,920.6,18.67,2.0
98.434,81.073,918.8,145.9,915.0,18.65,2.0
106.13,81.316,908.6,146.2,912.7,18.76,2.0
106.211,81.356,913.2,145.6,921.9,18.75,2.0
144.593,80.934,919.3,146.8,921.9,18.67,2.0
106.312,81.399,883.5,145.8,930.5,18.67,2.0
105.991,81.085,907.9,147.4,916.2,18.69,2.0
106.27,81.43,911.8,146.4,910.7,18.78,2.0
106.257,81.27,914.2,146.2,921.7,18.76,2.0
106.229,81.428,912.1,146.5,902.3,18.78,2.0
106.27,81.361,915.5,145.6,911.1,18.78,2.0
106.355,81.41,914.2,145.9,901.3,18.77,2.0
106.136,81.127,916.4,145.3,930.0,18.63,2.0
105.767,80.882,897.4,147.0,915.8,18.75,2.0
106.345,81.385,884.8,147.6,913.3,18.76,2.0
106.325,81.422,913.1,145.4,919.0,18.73,2.0
106.268,81.388,918.8,146.6,911.3,18.76,2.0
105.93,80.866,919.7,146.4,922.1,18.68,2.0
106.307,81.324,908.4,145.5,921.2,18.75,2.0
106.227,81.305,919.3,146.0,914.9,18.75,2.0
106.097,81.139,920.8,147.5,910.7,18.69,2.0
106.102,81.386,910.7,145.8,917.5,18.71,2.0
106.305,81.44,912.3,146.3,913.5,18.76,2.0
106.26,81.254,913.8,146.5,911.9,18.76,2.0
106.324,81.373,885.9,147.1,915.4,18.75,2.0
106.223,81.381,919.0,145.8,899.0,18.78,2.0
106.159,81.365,907.9,146.1,913.5,18.77,2.0
106.244,81.325,915.1,145.5,907.7,18.77,2.0
106.338,81.328,918.6,145.6,908.5,18.74,2.0
106.272,81.3,885.2,146.9,914.6,18.78,2.0
106.098,81.256,908.8,146.6,915.9,18.79,2.0
106.053,81.32,908.8,146.2,916.6,18.73,2.0
106.191,81.338,912.5,147.1,911.4,18.78,2.0
106.141,81.291,910.5,146.6,917.7,18.72,2.0
106.232,81.388,913.2,146.7,911.2,18.79,2.0
106.215,81.12,919.5,146.9,920.2,18.7,2.0
106.18,81.385,884.3,145.4,911.0,18.74,2.0
106.173,81.293,907.3,146.2,916.8,18.75,2.0
106.2,81.327,909.6,145.6,904.8,18.76,2.0
106.282,81.294,917.5,146.8,892.9,18.83,2.0
105.83,80.801,896.5,145.9,911.3,18.75,2.0
106.252,81.29,908.6,146.3,912.8,18.73,2.0
106.205,81.295,908.6,146.1,908.6,18.77,2.0
105.815,80.944,901.8,145.8,918.2,18.71,2.0
106.037,81.193,908.4,146.2,917.7,18.71,2.0
106.244,81.408,910.7,148.6,915.4,18.78,2.0
105.811,80.899,898.7,145.5,905.1,18.75,2.0
106.193,81.325,909.7,145.7,915.5,18.74,2.0
106.2,81.13,911.0,146.0,915.9,18.75,2.0
106.278,81.468,906.4,145.3,906.0,18.71,2.0
106.347,81.315,919.1,146.8,902.4,18.77,2.0
105.852,80.558,916.9,145.8,885.3,18.8,2.0
106.367,81.399,914.0,146.2,911.9,18.72,2.0
119.957,81.045,922.1,147.2,909.3,18.71,2.0
105.913,80.873,918.6,145.7,910.6,18.72,2.0
93.409,81.154,919.3,146.2,937.4,18.57,2.0
106.206,81.226,906.8,146.0,913.5,18.78,2.0
106.216,81.33,917.5,146.3,914.2,18.73,2.0
106.124,81.251,909.2,145.7,912.0,18.77,2.0
106.244,81.321,909.9,146.0,906.6,18.78,2.0
106.199,81.381,912.1,147.4,912.4,18.73,2.0
105.952,80.942,921.0,149.2,922.4,18.73,2.0
105.879,80.946,920.1,145.7,921.7,18.71,2.0
106.212,81.29,910.1,145.5,912.2,18.77,2.0
105.764,80.591,918.4,145.7,890.0,18.83,2.0
105.94,80.926,920.4,146.1,913.8,18.68,2.0
106.349,81.349,909.6,145.6,913.5,18.75,2.0
105.778,81.026,892.4,146.4,887.9,18.78,2.0
105.89,81.102,892.4,147.1,877.2,18.84,2.0
105.868,81.156,893.9,146.7,903.6,18.78,2.0
105.881,81.231,893.1,145.7,888.5,18.8,2.0
105.949,81.384,896.6,146.2,902.3,18.77,2.0
105.998,81.337,889.8,145.3,904.3,18.76,2.0
105.182,79.975,895.2,146.8,897.9,18.67,3.0
104.7,78.872,890.4,146.0,813.4,19.12,3.0
105.443,80.666,893.5,146.4,829.6,18.98,3.0
105.467,80.689,896.6,146.6,852.9,18.87,3.0
105.606,81.007,894.8,145.6,815.8,19.09,3.0
105.497,80.891,895.0,147.6,827.8,19.04,3.0
105.557,80.976,901.2,146.6,841.5,18.93,3.0
105.501,80.853,899.4,146.4,808.4,19.06,3.0
105.649,80.929,899.6,146.2,814.4,19.09,3.0
105.592,80.918,902.0,147.5,827.1,19.0,3.0
105.5,80.99,899.4,146.7,817.1,19.05,3.0
105.61,80.79,900.7,146.3,819.0,19.01,3.0
105.598,80.983,901.1,146.4,824.3,19.04,3.0
105.58,81.038,900.1,147.4,822.0,19.04,3.0
105.646,81.017,898.9,146.7,839.6,18.93,3.0
105.656,80.874,901.2,146.2,833.8,19.0,3.0
105.635,81.045,898.3,147.2,843.2,18.96,3.0
105.674,80.964,897.4,146.7,825.1,19.02,3.0
105.675,80.964,897.7,147.1,829.4,19.02,3.0
105.672,81.043,896.3,148.6,844.8,18.95,3.0
105.781,80.859,894.6,146.7,836.1,18.99,3.0
105.781,80.99,891.8,146.3,868.1,18.83,3.0
105.762,81.114,891.8,146.5,872.6,18.84,3.0
105.766,81.049,892.4,146.6,875.3,18.86,3.0
105.754,81.058,893.3,146.9,873.6,18.88,3.0
105.787,81.229,892.4,147.0,890.7,18.84,3.0
105.854,81.273,892.8,146.0,893.4,18.74,3.0
105.858,81.15,889.4,146.8,898.2,18.73,3.0
105.825,81.131,890.4,145.6,897.3,18.78,3.0
105.909,81.102,893.9,146.6,882.9,18.83,3.0
105.85,81.101,891.7,146.9,882.7,18.81,3.0
105.915,81.063,893.3,146.7,896.3,18.71,3.0
105.844,81.094,895.5,147.5,893.5,18.77,3.0
105.925,81.057,892.8,146.1,893.6,18.75,3.0
105.916,81.256,893.3,146.3,896.8,18.78,3.0
105.935,81.312,890.7,147.8,898.8,18.74,3.0
105.967,81.221,890.2,146.3,901.2,18.75,3.0
105.916,81.258,891.1,147.1,903.6,18.76,3.0
105.904,81.239,894.4,145.6,891.1,18.79,3.0
105.894,81.274,896.3,144.8,888.1,18.8,3.0
105.984,81.222,894.1,145.6,877.6,18.89,3.0
105.933,81.334,890.9,146.1,879.2,18.84,3.0
105.86,81.183,892.9,145.5,899.2,18.72,3.0
105.993,81.233,894.2,146.2,892.8,18.81,3.0
105.902,81.26,890.0,145.6,888.6,18.79,3.0
105.968,81.286,896.5,145.8,882.0,18.85,3.0
105.935,81.216,891.3,145.1,893.7,18.84,3.0
105.9,81.28,896.1,145.1,899.5,18.76,3.0
105.943,81.201,895.5,145.4,880.4,18.82,3.0
105.885,81.312,890.9,145.4,884.4,18.81,3.0
105.957,81.265,889.8,146.7,880.3,18.83,3.0
105.938,81.175,889.3,146.3,863.9,18.88,3.0
105.938,81.292,895.3,145.4,886.8,18.76,3.0
105.951,81.332,889.3,145.5,895.4,18.81,3.0
105.94,81.217,890.9,145.3,890.1,18.8,3.0
105.967,81.344,890.9,145.6,893.1,18.81,3.0
105.967,81.214,896.8,146.3,897.7,18.76,3.0
105.956,81.194,890.7,145.6,889.6,18.8,3.0
105.975,81.291,891.7,146.3,893.5,18.81,3.0
105.519,80.789,894.6,147.3,816.8,19.03,3.0
105.505,80.784,897.4,145.8,836.7,18.92,3.0
105.587,80.857,894.2,146.6,810.9,19.03,3.0
105.534,80.974,894.1,145.1,820.4,19.0,3.0
105.601,80.945,901.6,147.2,822.9,19.06,3.0
105.591,80.853,899.4,147.6,817.1,19.05,3.0
105.626,80.947,900.9,145.8,824.3,19.03,3.0
105.653,81.033,892.2,147.6,832.2,19.01,3.0
105.693,81.063,892.6,146.0,833.7,19.01,3.0
105.711,81.099,894.1,146.1,828.8,19.0,3.0
105.67,81.005,893.5,146.2,831.7,18.98,3.0
105.768,81.062,895.2,147.5,835.5,18.97,3.0
105.695,81.081,893.7,147.3,841.1,18.94,3.0
105.753,81.184,893.7,146.1,846.3,18.93,3.0
105.806,80.982,892.9,146.4,873.5,18.81,3.0
105.834,80.956,895.0,146.3,866.3,18.9,3.0
105.746,81.104,890.2,146.8,892.4,18.82,3.0
105.794,81.13,890.7,145.3,890.2,18.79,3.0
105.802,81.194,889.6,146.5,892.7,18.8,3.0
105.826,81.135,893.3,148.3,887.9,18.79,3.0
105.907,81.145,892.9,148.0,902.4,18.76,3.0
105.906,81.186,888.9,146.1,886.1,18.84,3.0
105.866,81.073,891.7,145.4,877.0,18.85,3.0
105.873,81.195,893.1,145.8,897.0,18.79,3.0
105.865,81.188,894.6,147.9,863.7,18.94,3.0
105.827,81.127,891.5,147.3,879.5,18.81,3.0
104.969,79.337,898.5,145.9,870.1,18.88,3.0
105.909,81.217,892.2,146.1,874.9,18.89,3.0
105.903,81.274,889.8,146.8,880.2,18.82,3.0
105.911,81.155,890.4,148.0,896.0,18.75,3.0
105.867,81.179,890.5,146.4,895.9,18.74,3.0
105.887,81.242,890.4,146.3,885.8,18.79,3.0
105.914,81.273,891.3,146.1,885.0,18.81,3.0
105.949,81.252,890.7,146.0,899.8,18.73,3.0
105.849,81.262,893.1,146.5,910.0,18.73,3.0
105.937,81.259,891.5,145.9,886.1,18.81,3.0
105.921,81.167,894.1,146.2,903.1,18.78,3.0
105.916,81.2,895.7,146.6,883.0,18.84,3.0
106.042,81.26,890.4,146.3,881.8,18.81,3.0
105.985,81.249,891.7,145.5,873.7,18.87,3.0
105.905,81.25,891.5,147.0,885.5,18.85,3.0
105.831,81.216,894.1,145.5,886.6,18.85,3.0
105.949,81.261,890.4,145.9,866.4,18.91,3.0
105.864,81.199,894.8,146.1,901.3,18.79,3.0
105.959,81.309,891.1,145.6,904.2,18.76,3.0
106.011,81.31,894.8,144.8,900.5,18.8,3.0
106.009,81.276,890.4,147.3,887.6,18.83,3.0
105.995,81.23,889.8,146.4,901.0,18.8,3.0
105.976,81.388,889.3,147.2,865.5,18.86,3.0
105.886,81.2,895.3,145.8,892.9,18.8,3.0
106.048,81.223,890.9,145.2,882.5,18.87,3.0
105.93,81.216,889.1,145.6,897.9,18.76,3.0
105.897,81.3,890.7,144.9,903.5,18.75,3.0
105.902,81.265,890.9,145.3,887.9,18.81,3.0
105.97,81.284,890.2,145.7,889.7,18.79,3.0
105.942,81.23,897.4,145.1,882.0,18.81,3.0
105.882,81.29,890.7,145.8,875.4,18.9,3.0
104.973,79.668,893.9,146.3,801.8,19.13,3.0
105.507,80.777,896.8,146.3,840.3,18.92,3.0
105.458,80.865,895.9,144.9,832.0,18.97,3.0
105.528,80.808,894.8,147.9,831.6,18.94,3.0
105.516,80.862,894.1,145.3,810.2,19.07,3.0
105.548,81.042,894.6,146.3,811.4,19.05,3.0
104.498,79.026,900.9,146.7,804.8,19.09,3.0
105.631,80.983,900.9,145.9,835.2,18.99,3.0
105.597,80.915,900.3,146.5,825.7,19.02,3.0
105.626,80.978,892.6,147.4,829.9,18.97,3.0
105.685,81.069,891.5,146.8,843.8,18.96,3.0
105.763,81.105,894.1,146.7,845.1,18.94,3.0
105.778,81.132,894.4,147.4,853.9,18.88,3.0
105.792,81.144,892.0,146.4,841.7,18.97,3.0
105.815,81.029,891.7,146.8,881.4,18.85,3.0
105.696,81.152,894.4,147.5,868.3,18.85,3.0
105.79,81.088,895.0,147.7,867.8,18.86,3.0
105.811,81.084,891.1,145.9,885.3,18.81,3.0
105.794,81.16,892.6,146.8,887.2,18.81,3.0
105.864,81.042,891.8,146.0,888.5,18.84,3.0
105.841,81.094,888.9,146.2,890.4,18.79,3.0
105.841,81.171,893.3,146.5,889.7,18.76,3.0
105.804,81.234,889.8,146.1,906.1,18.76,3.0
105.85,81.168,892.9,146.7,897.6,18.74,3.0
105.895,81.181,893.9,146.3,890.9,18.83,3.0
105.861,81.214,891.1,146.0,886.4,18.78,3.0
105.924,81.194,891.5,147.3,879.5,18.81,3.0
105.859,81.155,892.2,145.8,886.5,18.82,3.0
105.832,81.18,892.2,146.2,881.9,18.85,3.0
105.876,81.203,889.8,146.3,885.6,18.83,3.0
105.871,81.19,891.7,149.0,895.3,18.78,3.0
105.94,81.194,890.0,147.1,903.5,18.74,3.0
105.966,81.262,894.2,146.7,902.4,18.7,3.0
105.97,81.311,891.3,146.8,896.1,18.84,3.0
105.982,81.292,890.2,145.1,888.3,18.82,3.0
105.934,81.115,890.9,146.9,881.0,18.82,3.0
105.938,81.13,894.6,146.1,881.5,18.81,3.0
105.121,79.593,895.3,146.8,896.4,18.8,3.0
105.943,81.295,891.1,146.5,887.7,18.81,3.0
105.918,81.324,895.2,146.3,895.2,18.76,3.0
105.95,81.286,890.0,146.0,890.4,18.77,3.0
105.978,81.245,891.3,146.9,895.8,18.8,3.0
105.959,81.219,894.6,145.1,904.6,18.76,3.0
105.947,81.316,895.7,145.4,879.7,18.85,3.0
105.952,81.279,897.0,145.7,901.8,18.76,3.0
105.953,81.246,895.2,144.8,909.3,18.71,3.0
105.97,81.279,895.0,145.6,875.1,18.9,3.0
105.91,81.234,890.7,145.5,886.5,18.8,3.0
105.904,81.226,895.5,146.1,889.1,18.81,3.0
105.926,81.309,895.3,145.6,880.6,18.8,3.0
105.998,81.28,889.3,147.1,868.7,18.84,3.0
105.933,81.288,890.5,145.5,874.8,18.87,3.0
105.941,81.306,890.7,146.3,882.9,18.86,3.0
105.984,81.21,890.5,145.8,875.7,18.84,3.0
105.98,81.261,897.6,145.7,892.8,18.78,3.0
105.926,81.334,895.3,146.6,888.2,18.85,3.0
105.992,81.364,895.5,146.4,878.0,18.81,3.0
106.013,81.152,897.7,145.8,891.3,18.74,3.0
105.464,80.828,893.3,146.4,810.7,19.07,3.0
105.558,80.897,894.8,148.9,810.6,19.06,3.0
105.568,80.854,900.7,146.6,808.5,19.04,3.0
105.52,80.909,898.9,145.7,815.7,19.09,3.0
105.696,80.926,894.4,146.4,837.5,18.95,3.0
104.453,78.409,902.4,147.2,780.5,19.23,3.0
105.752,81.139,891.1,146.6,835.6,18.97,3.0
105.727,81.039,892.6,146.2,852.6,18.92,3.0
105.833,81.009,891.8,145.8,862.4,18.89,3.0
105.779,81.068,893.3,146.5,870.6,18.89,3.0
105.832,81.138,890.7,146.1,874.9,18.84,3.0
105.782,81.045,890.9,145.9,888.9,18.83,3.0
105.804,81.133,890.5,146.1,893.6,18.78,3.0
105.813,81.142,891.7,146.1,882.5,18.82,3.0
105.794,81.14,893.3,146.2,875.6,18.81,3.0
105.84,81.073,893.1,150.5,882.1,18.86,3.0
105.859,81.073,894.1,146.2,913.9,18.74,3.0
105.865,81.092,891.1,146.4,879.4,18.76,3.0
105.865,81.196,891.3,146.0,881.4,18.82,3.0
105.879,81.059,891.8,147.5,863.4,18.9,3.0
105.844,81.132,892.6,147.0,865.0,18.88,3.0
105.878,81.069,891.8,146.5,878.8,18.82,3.0
105.842,81.082,894.2,148.3,881.3,18.83,3.0
105.823,81.202,891.3,146.0,875.4,18.82,3.0
105.888,81.167,895.5,148.1,889.3,18.78,3.0
105.911,81.138,892.2,146.4,879.8,18.87,3.0
105.907,81.119,892.6,147.3,881.8,18.81,3.0
105.927,81.181,892.0,146.5,890.3,18.81,3.0
105.959,81.213,894.4,146.5,883.3,18.85,3.0
105.95,81.196,890.9,146.1,893.1,18.79,3.0
105.901,81.183,891.3,146.0,903.7,18.78,3.0
105.916,81.197,891.8,145.9,882.9,18.8,3.0
105.903,81.229,895.0,146.1,898.5,18.82,3.0
105.917,81.152,891.1,146.7,911.5,18.71,3.0
105.931,81.264,894.1,147.1,887.4,18.79,3.0
106.016,81.385,889.4,146.5,879.9,18.8,3.0
105.912,81.271,894.6,146.4,887.6,18.84,3.0
105.858,81.277,890.5,145.3,894.4,18.85,3.0
105.942,81.289,895.3,146.0,883.6,18.81,3.0
105.989,81.227,890.0,146.8,886.4,18.8,3.0
105.883,81.312,889.3,144.9,890.9,18.8,3.0
105.903,81.187,888.7,146.9,879.5,18.83,3.0
105.963,81.305,893.5,146.6,894.7,18.85,3.0
105.991,81.289,889.8,145.7,895.9,18.8,3.0
105.99,81.283,896.3,145.1,895.5,18.76,3.0
105.923,81.22,889.6,146.2,897.9,18.82,3.0
105.884,81.274,893.9,146.8,896.7,18.76,3.0
105.988,81.283,895.0,145.8,864.8,18.87,3.0
105.945,81.215,895.9,147.0,870.8,18.85,3.0
105.973,81.304,895.3,145.9,882.5,18.82,3.0
105.909,81.253,889.8,146.1,898.5,18.78,3.0
105.938,81.23,890.7,145.5,897.4,18.77,3.0
105.931,81.268,889.8,147.2,886.7,18.8,3.0
105.425,80.851,893.5,146.0,808.4,19.05,3.0
105.454,80.808,891.8,145.8,811.0,19.08,3.0
105.533,80.831,893.3,147.7,810.7,19.07,3.0
105.574,80.975,895.5,145.3,811.7,19.04,3.0
105.523,80.89,893.3,146.4,811.4,19.05,3.0
105.588,80.931,896.5,146.0,817.1,19.02,3.0
105.535,80.829,898.9,146.2,825.6,19.01,3.0
105.58,80.999,902.4,146.9,828.3,18.95,3.0
105.568,80.919,901.2,145.7,837.9,18.93,3.0
105.661,80.928,902.0,145.9,821.7,19.02,3.0
105.683,80.955,901.6,146.7,858.1,18.9,3.0
105.616,81.04,903.5,147.3,823.4,19.02,3.0
105.672,80.958,900.1,145.8,827.4,18.98,3.0
105.681,80.949,899.6,145.7,828.8,19.01,3.0
105.677,80.925,902.7,149.0,829.5,18.99,3.0
105.705,81.01,894.6,146.3,832.4,18.95,3.0
105.755,81.007,894.1,147.1,836.7,18.94,3.0
105.678,81.008,895.2,147.7,827.9,19.0,3.0
105.734,81.007,894.2,146.9,837.2,19.03,3.0
105.768,81.043,893.3,146.3,829.4,19.0,3.0
105.795,81.064,892.6,145.8,849.7,18.91,3.0
105.795,81.146,895.9,149.0,867.9,18.89,3.0
105.792,81.152,893.3,147.1,871.6,18.86,3.0
105.83,81.08,892.6,146.2,874.9,18.84,3.0
105.777,81.071,892.8,146.0,897.2,18.78,3.0
105.696,81.003,892.8,148.6,891.8,18.79,3.0
105.851,81.193,893.1,146.6,889.2,18.84,3.0
105.883,81.089,889.4,146.3,893.0,18.75,3.0
105.86,81.106,893.3,145.9,888.2,18.8,3.0
105.918,81.165,889.6,145.9,888.9,18.81,3.0
105.845,81.182,890.7,146.6,889.1,18.85,3.0
105.865,81.139,891.3,145.7,881.5,18.79,3.0
105.917,81.161,895.5,146.4,866.5,18.8,3.0
105.842,81.033,892.8,146.6,883.2,18.8,3.0
105.843,81.133,891.7,146.8,870.6,18.85,3.0
105.941,81.186,893.1,146.6,892.9,18.8,3.0
105.928,81.142,889.8,147.3,894.3,18.78,3.0
105.817,81.181,889.6,146.3,899.0,18.75,3.0
105.946,81.144,890.9,146.1,902.5,18.75,3.0
105.986,81.296,893.7,147.2,896.2,18.8,3.0
105.914,81.239,890.2,145.2,881.5,18.87,3.0
105.9,81.203,891.8,146.9,890.9,18.81,3.0
106.07,81.291,887.6,146.8,894.9,18.76,3.0
105.984,81.322,893.5,145.6,893.4,18.8,3.0
105.966,81.309,894.6,145.8,894.7,18.79,3.0
106.002,81.328,890.9,145.1,908.9,18.73,3.0
105.963,81.244,895.5,146.7,888.9,18.84,3.0
105.934,81.229,889.3,147.7,892.6,18.8,3.0
106.039,81.256,895.2,146.4,905.4,18.7,3.0
105.973,81.26,896.5,145.4,864.6,18.86,3.0
105.913,81.266,889.8,145.8,868.9,18.85,3.0
105.965,81.278,890.2,145.6,887.7,18.83,3.0
105.938,81.253,891.1,145.9,902.3,18.75,3.0
106.009,81.354,890.7,145.0,891.1,18.8,3.0
105.878,81.238,895.9,147.2,879.6,18.82,3.0
105.953,81.247,891.7,145.5,873.0,18.89,3.0
105.901,81.315,897.4,146.4,886.3,18.81,3.0
105.871,81.204,890.9,144.9,891.3,18.8,3.0
106.083,82.074,900.7,145.2,880.7,18.8,3.0
106.081,82.013,898.8,147.4,879.0,18.77,3.0
106.11,82.084,900.0,147.2,888.9,18.73,3.0
154.925,82.041,902.4,145.7,878.7,18.77,3.0
106.088,81.968,901.1,146.1,897.2,18.68,3.0
107.379,81.944,901.2,145.9,904.6,18.6,3.0
105.984,81.399,905.7,145.8,898.0,18.65,3.0
106.044,81.441,906.2,146.0,911.3,18.62,3.0
106.028,81.427,908.1,145.5,908.9,18.7,3.0
106.05,82.024,900.9,145.7,891.0,18.69,3.0
106.136,82.04,900.7,145.7,908.5,18.7,3.0
106.062,82.054,902.2,145.7,899.2,18.66,3.0
106.137,82.024,900.9,145.1,924.1,18.59,3.0
115.94,81.984,901.1,145.2,894.7,18.73,3.0
106.045,81.46,902.9,145.9,907.4,18.7,3.0
106.018,80.371,903.8,146.1,926.6,18.54,3.0
106.107,81.356,904.4,146.2,927.9,18.55,3.0
106.134,81.435,904.8,146.1,895.8,18.63,3.0
106.086,82.11,901.4,145.1,880.9,18.72,3.0
106.097,82.092,900.3,146.2,885.4,18.75,3.0
106.11,82.066,901.4,145.3,862.5,18.81,3.0
106.068,82.049,902.4,145.2,899.8,18.64,3.0
106.074,82.074,901.6,145.3,876.2,18.78,3.0
106.105,82.138,904.0,145.3,899.8,18.69,3.0
106.098,81.981,902.5,145.4,917.2,18.64,3.0
105.835,81.037,897.4,146.3,868.9,18.88,4.0
105.784,81.027,895.2,146.3,864.7,18.84,4.0
105.905,81.208,891.7,144.9,895.7,18.67,4.0
123.432,81.973,900.5,145.4,901.6,18.62,4.0
139.897,82.054,901.4,145.6,877.2,18.71,4.0
106.097,82.04,900.0,146.7,881.8,18.77,4.0
106.097,82.023,900.0,145.3,885.0,18.7,4.0
106.129,82.065,901.4,146.0,889.1,18.75,4.0
146.829,82.07,899.8,147.1,869.2,18.78,4.0
106.065,81.999,899.6,146.6,891.5,18.63,4.0
106.115,81.935,900.3,146.8,889.7,18.72,4.0
106.084,82.011,900.1,145.5,872.3,18.83,4.0
106.16,81.975,900.9,145.1,866.8,18.77,4.0
106.082,82.095,902.9,147.0,894.0,18.71,4.0
106.079,82.145,900.3,145.3,874.7,18.72,4.0
106.093,82.079,902.0,145.5,876.8,18.78,4.0
106.093,82.043,901.8,146.0,894.3,18.67,4.0
106.067,82.049,900.3,145.9,882.3,18.75,4.0
150.692,82.001,900.5,145.1,887.4,18.73,4.0
106.09,82.074,900.5,145.4,876.2,18.76,4.0
106.062,81.956,901.4,146.3,878.0,18.8,4.0
106.06,82.067,900.9,145.6,880.0,18.77,4.0
106.036,82.063,901.2,145.8,893.4,18.7,4.0
139.166,82.066,901.4,146.1,890.8,18.7,4.0
106.038,81.964,901.4,145.4,899.1,18.65,4.0
106.098,82.028,900.0,146.6,894.7,18.69,4.0
106.091,81.983,901.1,144.9,886.8,18.72,4.0
106.054,82.028,902.2,145.9,894.2,18.68,4.0
133.78,82.066,900.5,145.1,887.5,18.73,4.0
153.953,81.971,902.0,147.6,886.5,18.74,4.0
106.056,81.973,900.0,145.5,880.8,18.74,4.0
106.099,82.0,902.4,146.6,874.1,18.8,4.0
106.159,82.057,900.3,146.4,892.7,18.75,4.0
117.408,82.026,901.4,146.1,884.5,18.76,4.0
106.096,82.005,903.1,146.9,891.4,18.71,4.0
106.07,82.063,900.7,145.6,876.4,18.75,4.0
106.127,82.122,900.7,145.8,872.4,18.79,4.0
106.154,82.037,902.0,146.1,889.3,18.69,4.0
106.104,82.016,900.7,145.8,894.6,18.68,4.0
106.019,82.0,903.3,146.0,908.6,18.66,4.0
115.429,82.073,901.1,145.5,905.3,18.61,4.0
106.058,81.94,903.6,148.3,885.8,18.71,4.0
106.08,82.051,901.1,145.9,913.1,18.64,4.0
106.12,81.964,901.8,144.9,917.1,18.57,4.0
153.582,81.918,900.5,145.4,912.0,18.65,4.0
106.125,82.023,903.8,145.6,918.3,18.57,4.0
106.156,82.065,902.5,146.2,886.3,18.71,4.0
106.077,81.959,901.6,145.7,908.9,18.63,4.0
106.122,81.923,904.0,145.6,898.3,18.68,4.0
106.053,81.426,904.2,145.1,887.0,18.68,4.0
106.096,81.382,904.4,145.8,895.4,18.67,4.0
106.079,81.413,904.6,145.6,900.1,18.61,4.0
106.058,81.409,903.3,145.0,921.6,18.52,4.0
106.093,81.486,904.0,145.6,894.5,18.68,4.0
106.019,81.438,904.9,146.4,902.8,18.65,4.0
106.083,81.421,903.5,144.9,914.4,18.59,4.0
106.069,81.528,904.9,146.8,913.8,18.6,4.0
106.076,81.397,903.6,145.5,917.3,18.59,4.0
106.11,81.473,904.9,145.4,924.8,18.59,4.0
106.107,81.346,903.6,145.3,915.7,18.59,4.0
106.091,81.418,906.2,145.2,916.0,18.59,4.0
106.107,81.457,904.9,146.1,899.7,18.62,4.0
106.074,81.469,905.3,145.2,907.9,18.64,4.0
106.092,81.404,903.6,145.3,892.4,18.66,4.0
106.016,81.58,902.7,146.3,906.9,18.65,4.0
106.082,81.393,906.2,146.0,916.5,18.53,4.0
106.049,81.45,905.7,144.9,910.8,18.63,4.0
106.056,81.495,905.5,145.7,906.1,18.63,4.0
106.053,81.509,904.2,146.7,891.9,18.7,4.0
106.096,81.396,904.9,145.5,907.6,18.62,4.0
106.076,81.459,907.3,145.8,916.8,18.57,4.0
106.076,81.437,906.0,146.1,905.8,18.57,4.0
106.064,81.49,907.2,146.6,896.4,18.67,4.0
105.828,81.054,894.2,146.4,867.8,18.82,4.0
106.112,82.091,901.6,146.3,871.6,18.79,4.0
106.073,82.085,899.6,145.9,869.3,18.81,4.0
106.144,82.103,899.8,145.8,882.7,18.73,4.0
106.105,82.106,900.9,147.4,877.8,18.73,4.0
106.124,82.144,900.3,145.2,872.9,18.79,4.0
106.058,82.036,901.1,145.1,885.7,18.75,4.0
106.015,82.015,899.8,146.1,884.1,18.72,4.0
106.045,82.069,900.7,145.4,896.3,18.67,4.0
106.045,81.988,900.5,146.3,877.2,18.76,4.0
106.121,82.042,903.5,145.5,876.1,18.81,4.0
106.074,81.976,900.7,145.5,878.6,18.75,4.0
106.042,81.977,901.1,146.1,875.6,18.78,4.0
106.136,82.144,901.8,146.8,895.2,18.67,4.0
106.03,82.067,901.2,146.8,871.0,18.82,4.0
106.046,81.972,901.4,144.9,896.8,18.66,4.0
106.099,82.048,901.1,146.0,902.9,18.64,4.0
106.089,81.947,901.1,144.9,882.9,18.71,4.0
106.11,82.066,900.3,145.4,888.7,18.72,4.0
106.058,81.962,901.6,146.1,883.9,18.74,4.0
106.095,82.077,900.7,145.9,889.9,18.76,4.0
106.101,82.057,899.4,145.4,891.4,18.75,4.0
106.122,82.049,899.8,145.3,890.3,18.66,4.0
106.078,82.12,901.8,146.2,913.2,18.62,4.0
106.112,82.072,901.8,145.8,899.2,18.73,4.0
135.602,82.054,899.8,146.4,887.4,18.83,4.0
152.734,82.001,901.1,145.6,884.3,18.74,4.0
106.114,81.97,900.5,145.7,880.7,18.73,4.0
106.118,81.964,902.4,145.9,889.7,18.72,4.0
106.031,82.012,900.9,147.2,886.4,18.72,4.0
108.457,82.064,900.3,145.3,896.0,18.66,4.0
106.109,81.954,903.8,148.1,875.5,18.78,4.0
106.133,81.986,903.3,145.6,875.6,18.8,4.0
112.011,82.041,901.1,145.5,877.8,18.78,4.0
119.493,82.073,900.3,145.3,892.2,18.66,4.0
111.044,82.037,900.7,146.7,882.7,18.75,4.0
106.087,82.008,902.2,145.5,881.5,18.78,4.0
106.113,82.088,901.4,145.7,909.9,18.6,4.0
106.13,81.941,900.9,145.1,910.5,18.62,4.0
106.114,81.983,901.2,145.2,907.4,18.6,4.0
125.402,82.048,904.0,147.6,888.4,18.67,4.0
107.226,82.0,903.1,145.9,884.9,18.75,4.0
106.067,82.023,901.8,145.8,914.0,18.58,4.0
106.07,81.932,900.9,145.1,898.6,18.7,4.0
106.119,82.016,901.2,145.7,900.2,18.69,4.0
106.183,82.006,902.0,145.3,907.0,18.6,4.0
149.97,82.054,903.8,148.3,919.5,18.53,4.0
106.021,81.443,904.2,145.1,910.8,18.53,4.0
152.034,82.021,905.1,149.2,911.1,18.69,4.0
106.145,81.653,905.1,145.5,898.1,18.74,4.0
106.071,82.107,902.5,145.7,904.0,18.58,4.0
106.106,81.445,904.6,145.5,902.4,18.6,4.0
106.142,81.387,905.9,145.5,898.9,18.67,4.0
106.149,81.453,905.9,146.3,907.9,18.69,4.0
106.07,81.337,905.5,145.8,913.6,18.57,4.0
151.015,82.064,904.9,146.8,927.6,18.56,4.0
106.103,81.508,906.4,144.9,926.4,18.51,4.0
106.031,81.518,904.4,145.7,902.1,18.64,4.0
106.08,81.469,904.4,145.5,911.3,18.6,4.0
106.088,81.441,905.5,145.4,907.5,18.61,4.0
106.098,81.521,907.3,148.1,909.4,18.59,4.0
106.084,81.445,905.7,146.1,911.8,18.53,4.0
106.099,81.397,904.8,147.8,898.5,18.69,4.0
106.015,81.422,906.0,145.3,910.5,18.63,4.0
106.083,81.464,904.9,145.6,923.4,18.58,4.0
106.033,81.469,904.8,146.1,918.7,18.54,4.0
106.047,81.423,907.0,146.4,919.3,18.58,4.0
106.108,81.398,904.4,146.4,898.6,18.6,4.0
106.129,81.388,906.6,144.9,892.7,18.64,4.0
106.173,81.521,906.8,145.1,893.8,18.66,4.0
106.111,81.562,905.5,145.9,893.1,18.71,4.0
106.08,81.462,905.1,145.3,909.7,18.59,4.0
106.19,81.371,905.1,145.7,910.0,18.6,4.0
105.728,80.995,895.0,146.6,861.3,18.9,4.0
105.834,81.021,891.5,146.0,904.9,18.68,4.0
105.921,81.127,893.3,146.3,871.6,18.84,4.0
106.08,82.026,900.3,145.7,879.5,18.79,4.0
106.125,82.018,900.3,145.9,856.1,18.85,4.0
106.138,82.007,901.6,146.1,883.2,18.76,4.0
106.04,82.047,900.7,146.3,869.3,18.76,4.0
106.068,82.017,900.9,146.6,882.7,18.7,4.0
106.107,82.109,899.2,146.7,890.3,18.71,4.0
106.055,82.021,902.4,145.4,867.9,18.82,4.0
106.132,82.077,900.1,145.9,864.0,18.81,4.0
106.083,82.04,902.4,146.0,876.0,18.8,4.0
106.127,82.159,901.1,145.7,885.9,18.69,4.0
106.117,82.044,900.9,146.0,887.0,18.72,4.0
106.064,82.049,901.1,145.9,893.4,18.67,4.0
106.028,82.05,900.1,145.7,898.0,18.67,4.0
106.028,82.13,901.1,148.4,878.3,18.78,4.0
106.06,81.963,900.3,145.9,896.7,18.66,4.0
106.162,82.071,900.9,145.8,888.9,18.73,4.0
106.07,82.064,901.6,145.6,882.8,18.72,4.0
111.029,82.054,902.0,149.0,882.5,18.74,4.0
108.451,82.113,902.5,145.8,876.4,18.79,4.0
106.099,82.097,901.2,145.1,895.8,18.65,4.0
106.049,82.025,900.7,144.9,901.6,18.69,4.0
106.045,81.971,900.9,145.5,892.5,18.71,4.0
106.126,82.002,900.5,145.7,889.4,18.69,4.0
106.105,81.983,901.8,146.3,879.9,18.75,4.0
106.06,82.069,901.1,146.5,880.5,18.75,4.0
106.175,81.953,900.1,146.5,898.0,18.65,4.0
106.104,81.995,900.0,145.4,870.6,18.83,4.0
106.064,81.95,901.4,146.5,887.3,18.71,4.0
106.078,81.948,901.6,145.7,883.4,18.71,4.0
106.074,82.078,903.3,145.1,904.8,18.64,4.0
106.14,81.943,900.9,145.4,895.8,18.67,4.0
106.146,82.107,902.9,145.0,893.5,18.65,4.0
106.053,82.073,904.2,145.4,910.2,18.64,4.0
110.467,82.038,901.4,145.2,903.7,18.69,4.0
106.196,82.098,902.4,147.2,897.7,18.69,4.0
106.052,81.969,899.0,148.1,892.4,18.69,4.0
106.111,82.126,902.2,145.8,919.2,18.57,4.0
106.142,81.976,901.2,145.1,911.5,18.57,4.0
106.049,82.015,901.6,145.8,898.2,18.64,4.0
106.055,81.974,901.1,145.6,887.4,18.7,4.0
106.087,81.958,903.8,145.0,898.5,18.72,4.0
106.086,81.996,903.6,145.0,916.9,18.61,4.0
106.112,81.566,901.4,146.2,910.2,18.63,4.0
106.066,81.963,900.7,145.4,900.0,18.62,4.0
106.152,82.091,902.4,145.6,898.3,18.66,4.0
106.115,81.974,901.2,145.7,901.1,18.63,4.0
106.075,81.464,903.5,145.2,897.3,18.66,4.0
106.117,81.519,902.7,145.5,909.6,18.62,4.0
106.149,81.5,905.5,145.1,899.1,18.66,4.0
106.168,81.463,902.7,146.9,895.2,18.63,4.0
106.213,81.416,903.5,145.8,891.3,18.7,4.0
106.113,81.493,904.9,145.4,894.2,18.71,4.0
106.147,81.441,905.5,145.7,912.6,18.54,4.0
106.068,81.358,904.0,146.2,915.3,18.58,4.0
106.071,81.477,903.5,145.9,916.8,18.51,4.0
106.125,81.55,905.9,145.8,915.9,18.53,4.0
106.097,81.457,904.6,145.9,908.7,18.57,4.0
106.093,81.39,904.9,145.0,916.2,18.51,4.0
106.031,81.467,903.8,145.2,895.6,18.64,4.0
106.053,81.559,907.2,145.7,898.6,18.69,4.0
106.154,81.489,905.3,145.2,913.7,18.65,4.0
105.937,81.497,904.9,145.8,917.0,18.51,4.0
106.054,81.415,903.6,145.7,913.2,18.6,4.0
106.058,81.493,904.4,145.2,919.6,18.59,4.0
106.078,81.375,904.6,145.9,894.5,18.71,4.0
106.059,81.494,903.5,144.8,896.4,18.65,4.0
106.048,81.313,904.2,145.4,893.4,18.68,4.0
106.073,81.465,907.7,145.5,895.7,18.67,4.0
106.163,81.399,906.2,145.6,904.4,18.6,4.0
106.066,81.489,905.5,145.5,911.1,18.6,4.0
105.697,80.974,890.9,146.9,842.1,18.96,4.0
105.803,81.211,890.2,146.2,877.7,18.84,4.0
106.04,81.957,901.1,146.7,882.5,18.72,4.0
106.102,82.009,900.5,147.3,871.9,18.75,4.0
106.036,82.0,899.4,146.5,865.5,18.79,4.0
106.05,82.083,900.3,146.5,879.2,18.78,4.0
106.086,82.004,900.5,145.4,889.2,18.71,4.0
147.789,82.099,900.9,146.4,887.3,18.71,4.0
116.878,81.989,900.0,145.9,887.3,18.7,4.0
106.17,82.041,902.2,146.4,879.0,18.76,4.0
106.014,81.995,900.9,145.2,888.8,18.72,4.0
132.591,82.06,901.1,146.2,885.6,18.71,4.0
106.07,82.138,900.1,146.0,891.3,18.7,4.0
106.111,82.099,900.7,145.8,880.6,18.75,4.0
106.107,82.027,900.3,146.6,874.0,18.77,4.0
106.097,81.985,901.4,146.1,886.4,18.68,4.0
106.136,82.034,899.8,146.1,881.4,18.78,4.0
151.787,82.054,903.3,145.5,889.8,18.75,4.0
106.072,81.983,900.0,146.3,894.7,18.69,4.0
122.747,82.001,902.5,146.3,881.5,18.73,4.0
106.113,82.038,902.5,146.3,885.4,18.74,4.0
116.288,81.955,903.3,145.6,885.6,18.69,4.0
106.109,82.019,900.9,145.2,894.1,18.69,4.0
106.107,82.038,903.5,145.4,885.6,18.68,4.0
106.098,82.032,902.9,146.6,881.6,18.71,4.0
117.853,82.039,903.6,145.9,875.8,18.76,4.0
155.032,82.0,901.6,146.3,888.6,18.71,4.0
106.1,82.096,903.1,145.9,884.1,18.8,4.0
148.202,82.07,902.0,146.0,883.1,18.73,4.0
106.053,82.114,903.3,145.9,888.0,18.67,4.0
106.139,82.048,902.5,145.6,887.7,18.7,4.0
106.076,82.012,900.1,145.0,901.7,18.66,4.0
106.168,82.03,902.9,145.2,935.6,18.54,4.0
106.083,81.978,903.8,145.2,918.0,18.55,4.0
106.027,81.94,903.6,146.5,886.5,18.67,4.0
106.04,82.072,901.4,145.4,909.4,18.6,4.0
119.426,82.005,902.7,144.8,898.8,18.69,4.0
106.116,82.071,901.6,145.0,908.9,18.63,4.0
106.132,82.067,902.5,146.4,912.6,18.67,4.0
106.109,82.053,901.8,145.2,904.6,18.62,4.0
106.13,82.091,900.5,145.5,905.4,18.6,4.0
106.063,82.033,902.2,144.8,900.5,18.65,4.0
106.105,81.991,901.8,145.5,892.2,18.69,4.0
106.079,82.099,902.2,146.1,887.6,18.66,4.0
106.075,82.011,903.8,145.5,901.8,18.66,4.0
106.045,82.007,904.8,145.5,898.1,18.67,4.0
106.108,81.469,902.7,145.7,903.8,18.6,4.0
106.132,81.446,904.6,145.8,886.6,18.71,4.0
106.047,82.007,905.7,145.4,885.0,18.65,4.0
106.185,81.423,905.3,147.1,892.6,18.72,4.0
106.131,81.448,905.3,146.2,920.2,18.57,4.0
106.1,81.417,906.6,146.7,901.6,18.68,4.0
106.089,81.428,905.7,147.2,926.4,18.54,4.0
106.12,81.518,903.1,145.3,899.4,18.67,4.0
106.137,81.544,905.1,145.6,891.4,18.7,4.0
106.151,81.486,905.3,146.2,895.6,18.65,4.0
106.146,81.456,905.7,146.2,895.5,18.63,4.0
106.047,81.397,905.9,145.0,906.1,18.66,4.0
106.112,81.383,905.1,146.4,908.5,18.62,4.0
106.041,81.561,906.8,145.9,896.9,18.63,4.0
106.127,81.477,907.3,145.2,895.9,18.72,4.0
106.061,81.409,905.7,146.2,904.4,18.6,4.0
106.037,81.485,905.5,146.9,895.0,18.68,4.0
106.035,81.427,905.7,146.6,897.3,18.67,4.0
106.072,81.376,905.3,146.1,899.6,18.61,4.0
106.17,81.327,905.7,147.4,918.6,18.54,4.0
106.13,81.493,906.0,145.1,904.8,18.59,4.0
106.119,81.446,905.1,145.0,905.8,18.72,4.0
106.124,81.54,905.9,146.1,900.8,18.63,4.0
106.021,81.423,904.4,145.4,889.1,18.69,4.0
106.035,81.471,904.6,146.6,928.7,18.55,4.0
106.062,81.403,906.6,147.1,895.2,18.61,4.0
106.09,81.477,907.3,145.5,901.3,18.62,4.0
105.913,81.169,891.8,146.3,881.8,18.79,4.0
106.082,82.059,900.9,145.3,878.6,18.75,4.0
106.078,82.025,900.7,146.2,884.9,18.75,4.0
106.065,82.109,899.4,146.1,871.4,18.78,4.0
106.118,82.073,899.8,147.0,888.0,18.7,4.0
106.036,82.071,901.8,149.6,876.9,18.77,4.0
106.112,82.036,900.9,145.0,882.8,18.77,4.0
106.01,82.122,901.4,145.8,874.1,18.79,4.0
106.076,82.016,900.0,146.0,884.1,18.78,4.0
106.042,82.032,901.8,146.4,869.5,18.79,4.0
106.153,82.124,900.7,145.7,891.5,18.73,4.0
106.089,82.079,900.0,148.1,873.6,18.77,4.0
106.038,82.104,902.4,146.1,865.1,18.85,4.0
106.101,81.96,901.4,145.7,874.4,18.76,4.0
110.698,82.03,901.2,145.4,882.6,18.72,4.0
136.591,82.006,901.4,144.8,885.6,18.74,4.0
106.122,82.045,902.4,146.9,868.4,18.79,4.0
106.038,81.976,900.9,146.6,890.9,18.69,4.0
106.136,82.105,900.7,145.5,918.2,18.6,4.0
106.137,82.027,900.3,146.5,883.5,18.76,4.0
106.042,82.013,900.5,145.0,884.3,18.72,4.0
106.091,81.998,899.8,146.2,881.8,18.75,4.0
106.129,81.957,900.0,146.3,871.5,18.77,4.0
106.115,82.077,901.4,145.5,893.5,18.67,4.0
106.149,82.04,900.9,145.4,888.9,18.74,4.0
106.138,81.997,902.0,145.8,873.0,18.78,4.0
151.978,82.035,902.4,144.9,887.4,18.73,4.0
106.096,82.039,902.4,146.2,883.0,18.75,4.0
130.9,82.002,900.9,146.6,876.1,18.8,4.0
108.847,81.942,902.5,146.2,887.2,18.67,4.0
106.075,82.108,900.1,146.5,906.6,18.66,4.0
112.771,81.945,903.3,145.4,904.9,18.59,4.0
106.062,81.945,903.1,145.7,882.4,18.74,4.0
106.082,82.112,903.3,145.3,882.1,18.75,4.0
106.044,82.039,900.5,145.7,873.9,18.77,4.0
106.107,82.051,900.9,146.2,875.2,18.78,4.0
106.096,82.145,901.2,146.6,892.1,18.71,4.0
106.088,82.045,900.9,145.6,867.3,18.78,4.0
106.097,82.061,903.5,146.8,889.9,18.71,4.0
106.095,82.086,902.5,145.9,914.3,18.61,4.0
106.02,82.056,901.4,146.6,896.3,18.7,4.0
106.074,82.027,902.7,145.8,896.8,18.68,4.0
106.147,81.997,900.9,145.5,914.5,18.55,4.0
114.452,81.991,901.1,146.6,892.6,18.62,4.0
106.118,82.065,904.8,145.1,894.4,18.64,4.0
106.078,81.971,903.6,147.0,896.7,18.66,4.0
106.154,81.357,902.4,145.8,917.0,18.56,4.0
106.108,81.462,904.0,146.2,915.5,18.62,4.0
106.049,81.347,902.4,145.4,903.0,18.66,4.0
106.086,81.456,904.6,145.4,916.4,18.61,4.0
106.142,81.524,902.5,145.1,896.3,18.66,4.0
106.104,81.552,903.1,148.6,893.3,18.69,4.0
106.133,81.414,905.5,146.2,901.6,18.69,4.0
106.162,81.452,902.7,147.3,913.4,18.6,4.0
106.039,81.505,903.6,146.0,895.5,18.67,4.0
106.036,81.384,902.7,146.2,892.6,18.71,4.0
106.124,81.46,904.6,145.1,902.1,18.67,4.0
106.132,81.416,903.3,145.2,927.1,18.56,4.0
106.07,81.454,905.3,145.2,924.0,18.57,4.0
106.124,81.473,906.4,145.4,916.0,18.65,4.0
106.116,81.484,903.1,145.5,896.0,18.62,4.0
106.055,81.461,905.7,147.4,900.8,18.61,4.0
106.094,81.342,906.6,146.1,907.1,18.65,4.0
106.088,81.408,904.0,146.0,894.8,18.69,4.0
106.101,81.394,904.4,145.5,894.7,18.7,4.0
105.999,81.429,905.5,145.0,904.2,18.72,4.0
106.105,81.468,906.0,145.6,917.0,18.6,4.0
106.142,81.38,904.0,144.9,917.4,18.56,4.0
106.072,81.493,905.5,145.5,907.3,18.61,4.0
106.026,81.456,906.8,144.9,905.6,18.65,4.0
106.064,81.42,905.9,147.5,921.6,18.6,4.0
106.131,81.401,907.2,145.4,895.5,18.63,4.0
106.1,81.427,906.4,147.3,908.2,18.56,4.0
